id;pokedexId;name;slug;type_0;type_1
1;1;Bulbizarre;Bulbizarre;Poison;Plante
2;2;Herbizarre;Herbizarre;Poison;Plante
3;3;Florizarre;Florizarre;Poison;Plante
4;4;Salamèche;Salameche;Feu;
5;5;Reptincel;Reptincel;Feu;
6;6;Dracaufeu;Dracaufeu;Vol;Feu
7;7;Carapuce;Carapuce;Eau;
8;8;Carabaffe;Carabaffe;Eau;
9;9;Tortank;Tortank;Eau;
10;10;Chenipan;Chenipan;Insecte;
11;11;Chrysacier;Chrysacier;Insecte;
12;12;Papilusion;Papilusion;Vol;Insecte
13;13;Aspicot;Aspicot;Poison;Insecte
14;14;Coconfort;Coconfort;Poison;Insecte
15;15;Dardargnan;Dardargnan;Poison;Insecte
16;16;Roucool;Roucool;Normal;Vol
17;17;Roucoups;Roucoups;Normal;Vol
18;18;Roucarnage;Roucarnage;Normal;Vol
19;19;Rattata;Rattata;Normal;
20;20;Rattatac;Rattatac;Normal;
21;21;Piafabec;Piafabec;Normal;Vol
22;22;Rapasdepic;Rapasdepic;Normal;Vol
23;23;Abo;Abo;Poison;
24;24;Arbok;Arbok;Poison;
25;25;Pikachu;Pikachu;Électrik;
26;26;Raichu;Raichu;Électrik;
27;27;Sabelette;Sabelette;Sol;
28;28;Sablaireau;Sablaireau;Sol;
29;29;Nidoran♀;Nidoran;Poison;
30;30;Nidorina;Nidorina;Poison;
31;31;Nidoqueen;Nidoqueen;Poison;Sol
32;32;Nidoran♂;Nidoran;Poison;
33;33;Nidorino;Nidorino;Poison;
34;34;Nidoking;Nidoking;Poison;Sol
35;35;Mélofée;Melofee;Fée;
36;36;Mélodelfe;Melodelfe;Fée;
37;37;Goupix;Goupix;Feu;
38;38;Feunard;Feunard;Feu;
39;39;Rondoudou;Rondoudou;Normal;Fée
40;40;Grodoudou;Grodoudou;Normal;Fée
41;41;Nosferapti;Nosferapti;Vol;Poison
42;42;Nosferalto;Nosferalto;Vol;Poison
43;43;Mystherbe;Mystherbe;Poison;Plante
44;44;Ortide;Ortide;Poison;Plante
45;45;Rafflesia;Rafflesia;Poison;Plante
46;46;Paras;Paras;Insecte;Plante
47;47;Parasect;Parasect;Insecte;Plante
48;48;Mimitoss;Mimitoss;Poison;Insecte
49;49;Aéromite;Aeromite;Poison;Insecte
50;50;Taupiqueur;Taupiqueur;Sol;
51;51;Triopikeur;Triopikeur;Sol;
52;52;Miaouss;Miaouss;Normal;
53;53;Persian;Persian;Normal;
54;54;Psykokwak;Psykokwak;Eau;
55;55;Akwakwak;Akwakwak;Eau;
56;56;Férosinge;Ferosinge;Combat;
57;57;Colossinge;Colossinge;Combat;
58;58;Caninos;Caninos;Feu;
59;59;Arcanin;Arcanin;Feu;
60;60;Ptitard;Ptitard;Eau;
61;61;Têtarte;Tetarte;Eau;
62;62;Tartard;Tartard;Combat;Eau
63;63;Abra;Abra;Psy;
64;64;Kadabra;Kadabra;Psy;
65;65;Alakazam;Alakazam;Psy;
66;66;Machoc;Machoc;Combat;
67;67;Machopeur;Machopeur;Combat;
68;68;Mackogneur;Mackogneur;Combat;
69;69;Chétiflor;Chetiflor;Poison;Plante
70;70;Boustiflor;Boustiflor;Poison;Plante
71;71;Empiflor;Empiflor;Poison;Plante
72;72;Tentacool;Tentacool;Poison;Eau
73;73;Tentacruel;Tentacruel;Poison;Eau
74;74;Racaillou;Racaillou;Sol;Roche
75;75;Gravalanch;Gravalanch;Sol;Roche
76;76;Grolem;Grolem;Sol;Roche
77;77;Ponyta;Ponyta;Feu;
78;78;Galopa;Galopa;Feu;
79;79;Ramoloss;Ramoloss;Eau;Psy
80;80;Flagadoss;Flagadoss;Eau;Psy
81;81;Magnéti;Magneti;Acier;Électrik
82;82;Magnéton;Magneton;Acier;Électrik
83;83;Canarticho;Canarticho;Normal;Vol
84;84;Doduo;Doduo;Normal;Vol
85;85;Dodrio;Dodrio;Normal;Vol
86;86;Otaria;Otaria;Eau;
87;87;Lamantine;Lamantine;Eau;Glace
88;88;Tadmorv;Tadmorv;Poison;
89;89;Grotadmorv;Grotadmorv;Poison;
90;90;Kokiyas;Kokiyas;Eau;
91;91;Crustabri;Crustabri;Eau;Glace
92;92;Fantominus;Fantominus;Poison;Spectre
93;93;Spectrum;Spectrum;Poison;Spectre
94;94;Ectoplasma;Ectoplasma;Poison;Spectre
95;95;Onix;Onix;Sol;Roche
96;96;Soporifik;Soporifik;Psy;
97;97;Hypnomade;Hypnomade;Psy;
98;98;Krabby;Krabby;Eau;
99;99;Krabboss;Krabboss;Eau;
100;100;Voltorbe;Voltorbe;Électrik;
101;101;Électrode;Electrode;Électrik;
102;102;Noeunoeuf;Noeunoeuf;Plante;Psy
103;103;Noadkoko;Noadkoko;Plante;Psy
104;104;Osselait;Osselait;Sol;
105;105;Ossatueur;Ossatueur;Sol;
106;106;Kicklee;Kicklee;Combat;
107;107;Tygnon;Tygnon;Combat;
108;108;Excelangue;Excelangue;Normal;
109;109;Smogo;Smogo;Poison;
110;110;Smogogo;Smogogo;Poison;
111;111;Rhinocorne;Rhinocorne;Sol;Roche
112;112;Rhinoféros;Rhinoferos;Sol;Roche
113;113;Leveinard;Leveinard;Normal;
114;114;Saquedeneu;Saquedeneu;Plante;
115;115;Kangourex;Kangourex;Normal;
116;116;Hypotrempe;Hypotrempe;Eau;
117;117;Hypocéan;Hypocean;Eau;
118;118;Poissirène;Poissirene;Eau;
119;119;Poissoroy;Poissoroy;Eau;
120;120;Stari;Stari;Eau;
121;121;Staross;Staross;Eau;Psy
122;122;M. Mime;M-Mime;Psy;Fée
123;123;Insécateur;Insecateur;Vol;Insecte
124;124;Lippoutou;Lippoutou;Psy;Glace
125;125;Élektek;Elektek;Électrik;
126;126;Magmar;Magmar;Feu;
127;127;Scarabrute;Scarabrute;Insecte;
128;128;Tauros;Tauros;Normal;
129;129;Magicarpe;Magicarpe;Eau;
130;130;Léviator;Leviator;Vol;Eau
131;131;Lokhlass;Lokhlass;Eau;Glace
132;132;Métamorph;Metamorph;Normal;
133;133;Évoli;Evoli;Normal;
134;134;Aquali;Aquali;Eau;
135;135;Voltali;Voltali;Électrik;
136;136;Pyroli;Pyroli;Feu;
137;137;Porygon;Porygon;Normal;
138;138;Amonita;Amonita;Roche;Eau
139;139;Amonistar;Amonistar;Roche;Eau
140;140;Kabuto;Kabuto;Roche;Eau
141;141;Kabutops;Kabutops;Roche;Eau
142;142;Ptéra;Ptera;Vol;Roche
143;143;Ronflex;Ronflex;Normal;
144;144;Artikodin;Artikodin;Vol;Glace
145;145;Électhor;Electhor;Vol;Électrik
146;146;Sulfura;Sulfura;Vol;Feu
147;147;Minidraco;Minidraco;Dragon;
148;148;Draco;Draco;Dragon;
149;149;Dracolosse;Dracolosse;Vol;Dragon
150;150;Mewtwo;Mewtwo;Psy;
151;151;Mew;Mew;Psy;
152;152;Germignon;Germignon;Plante;
153;153;Macronium;Macronium;Plante;
154;154;Méganium;Meganium;Plante;
155;155;Héricendre;Hericendre;Feu;
156;156;Feurisson;Feurisson;Feu;
157;157;Typhlosion;Typhlosion;Feu;
158;158;Kaiminus;Kaiminus;Eau;
159;159;Crocrodil;Crocrodil;Eau;
160;160;Aligatueur;Aligatueur;Eau;
161;161;Fouinette;Fouinette;Normal;
162;162;Fouinar;Fouinar;Normal;
163;163;Hoothoot;Hoothoot;Normal;Vol
164;164;Noarfang;Noarfang;Normal;Vol
165;165;Coxy;Coxy;Vol;Insecte
166;166;Coxyclaque;Coxyclaque;Vol;Insecte
167;167;Mimigal;Mimigal;Poison;Insecte
168;168;Migalos;Migalos;Poison;Insecte
169;169;Nostenfer;Nostenfer;Vol;Poison
170;170;Loupio;Loupio;Eau;Électrik
171;171;Lanturn;Lanturn;Eau;Électrik
172;172;Pichu;Pichu;Électrik;
173;173;Mélo;Melo;Fée;
174;174;Toudoudou;Toudoudou;Normal;Fée
175;175;Togepi;Togepi;Fée;
176;176;Togetic;Togetic;Vol;Fée
177;177;Natu;Natu;Vol;Psy
178;178;Xatu;Xatu;Vol;Psy
179;179;Wattouat;Wattouat;Électrik;
180;180;Lainergie;Lainergie;Électrik;
181;181;Pharamp;Pharamp;Électrik;
182;182;Joliflor;Joliflor;Plante;
183;183;Marill;Marill;Eau;Fée
184;184;Azumarill;Azumarill;Eau;Fée
185;185;Simularbre;Simularbre;Roche;
186;186;Tarpaud;Tarpaud;Eau;
187;187;Granivol;Granivol;Vol;Plante
188;188;Floravol;Floravol;Vol;Plante
189;189;Cotovol;Cotovol;Vol;Plante
190;190;Capumain;Capumain;Normal;
191;191;Tournegrin;Tournegrin;Plante;
192;192;Héliatronc;Heliatronc;Plante;
193;193;Yanma;Yanma;Vol;Insecte
194;194;Axoloto;Axoloto;Sol;Eau
195;195;Maraiste;Maraiste;Sol;Eau
196;196;Mentali;Mentali;Psy;
197;197;Noctali;Noctali;Ténèbres;
198;198;Cornèbre;Cornebre;Vol;Ténèbres
199;199;Roigada;Roigada;Eau;Psy
200;200;Feuforêve;Feuforeve;Spectre;
201;201;Zarbi;Zarbi;Psy;
202;202;Qulbutoké;Qulbutoke;Psy;
203;203;Girafarig;Girafarig;Normal;Psy
204;204;Pomdepik;Pomdepik;Insecte;
205;205;Foretress;Foretress;Insecte;Acier
206;206;Insolourdo;Insolourdo;Normal;
207;207;Scorplane;Scorplane;Vol;Sol
208;208;Steelix;Steelix;Sol;Acier
209;209;Snubbull;Snubbull;Fée;
210;210;Granbull;Granbull;Fée;
211;211;Qwilfish;Qwilfish;Poison;Eau
212;212;Cizayox;Cizayox;Insecte;Acier
213;213;Caratroc;Caratroc;Roche;Insecte
214;214;Scarhino;Scarhino;Combat;Insecte
215;215;Farfuret;Farfuret;Glace;Ténèbres
216;216;Teddiursa;Teddiursa;Normal;
217;217;Ursaring;Ursaring;Normal;
218;218;Limagma;Limagma;Feu;
219;219;Volcaropod;Volcaropod;Roche;Feu
220;220;Marcacrin;Marcacrin;Sol;Glace
221;221;Cochignon;Cochignon;Sol;Glace
222;222;Corayon;Corayon;Roche;Eau
223;223;Rémoraid;Remoraid;Eau;
224;224;Octillery;Octillery;Eau;
225;225;Cadoizo;Cadoizo;Vol;Glace
226;226;Démanta;Demanta;Vol;Eau
227;227;Airmure;Airmure;Vol;Acier
228;228;Malosse;Malosse;Feu;Ténèbres
229;229;Démolosse;Demolosse;Feu;Ténèbres
230;230;Hyporoi;Hyporoi;Eau;Dragon
231;231;Phanpy;Phanpy;Sol;
232;232;Donphan;Donphan;Sol;
233;233;Porygon2;Porygon2;Normal;
234;234;Cerfrousse;Cerfrousse;Normal;
235;235;Queulorior;Queulorior;Normal;
236;236;Debugant;Debugant;Combat;
237;237;Kapoera;Kapoera;Combat;
238;238;Lippouti;Lippouti;Psy;Glace
239;239;Élekid;Elekid;Électrik;
240;240;Magby;Magby;Feu;
241;241;Écrémeuh;Ecremeuh;Normal;
242;242;Leuphorie;Leuphorie;Normal;
243;243;Raikou;Raikou;Électrik;
244;244;Entei;Entei;Feu;
245;245;Suicune;Suicune;Eau;
246;246;Embrylex;Embrylex;Sol;Roche
247;247;Ymphect;Ymphect;Sol;Roche
248;248;Tyranocif;Tyranocif;Roche;Ténèbres
249;249;Lugia;Lugia;Vol;Psy
250;250;Ho-Oh;Ho-Oh;Vol;Feu
251;251;Celebi;Celebi;Plante;Psy
252;252;Arcko;Arcko;Plante;
253;253;Massko;Massko;Plante;
254;254;Jungko;Jungko;Plante;
255;255;Poussifeu;Poussifeu;Feu;
256;256;Galifeu;Galifeu;Combat;Feu
257;257;Braségali;Brasegali;Combat;Feu
258;258;Gobou;Gobou;Eau;
259;259;Flobio;Flobio;Sol;Eau
260;260;Laggron;Laggron;Sol;Eau
261;261;Medhyèna;Medhyena;Ténèbres;
262;262;Grahyèna;Grahyena;Ténèbres;
263;263;Zigzaton;Zigzaton;Normal;
264;264;Linéon;Lineon;Normal;
265;265;Chenipotte;Chenipotte;Insecte;
266;266;Armulys;Armulys;Insecte;
267;267;Charmillon;Charmillon;Vol;Insecte
268;268;Blindalys;Blindalys;Insecte;
269;269;Papinox;Papinox;Poison;Insecte
270;270;Nénupiot;Nenupiot;Eau;Plante
271;271;Lombre;Lombre;Eau;Plante
272;272;Ludicolo;Ludicolo;Eau;Plante
273;273;Grainipiot;Grainipiot;Plante;
274;274;Pifeuil;Pifeuil;Plante;Ténèbres
275;275;Tengalice;Tengalice;Plante;Ténèbres
276;276;Nirondelle;Nirondelle;Normal;Vol
277;277;Hélédelle;Heledelle;Normal;Vol
278;278;Goélise;Goelise;Vol;Eau
279;279;Bekipan;Bekipan;Vol;Eau
280;280;Tarsal;Tarsal;Psy;Fée
281;281;Kirlia;Kirlia;Psy;Fée
282;282;Gardevoir;Gardevoir;Psy;Fée
283;283;Arakdo;Arakdo;Insecte;Eau
284;284;Maskadra;Maskadra;Vol;Insecte
285;285;Balignon;Balignon;Plante;
286;286;Chapignon;Chapignon;Combat;Plante
287;287;Parecool;Parecool;Normal;
288;288;Vigoroth;Vigoroth;Normal;
289;289;Monaflèmit;Monaflemit;Normal;
290;290;Ningale;Ningale;Sol;Insecte
291;291;Ninjask;Ninjask;Vol;Insecte
292;292;Munja;Munja;Insecte;Spectre
293;293;Chuchmur;Chuchmur;Normal;
294;294;Ramboum;Ramboum;Normal;
295;295;Brouhabam;Brouhabam;Normal;
296;296;Makuhita;Makuhita;Combat;
297;297;Hariyama;Hariyama;Combat;
298;298;Azurill;Azurill;Normal;Fée
299;299;Tarinor;Tarinor;Roche;
300;300;Skitty;Skitty;Normal;
301;301;Delcatty;Delcatty;Normal;
302;302;Ténéfix;Tenefix;Spectre;Ténèbres
303;303;Mysdibule;Mysdibule;Acier;Fée
304;304;Galekid;Galekid;Roche;Acier
305;305;Galegon;Galegon;Roche;Acier
306;306;Galeking;Galeking;Roche;Acier
307;307;Méditikka;Meditikka;Combat;Psy
308;308;Charmina;Charmina;Combat;Psy
309;309;Dynavolt;Dynavolt;Électrik;
310;310;Élecsprint;Elecsprint;Électrik;
311;311;Posipi;Posipi;Électrik;
312;312;Négapi;Negapi;Électrik;
313;313;Muciole;Muciole;Insecte;
314;314;Lumivole;Lumivole;Insecte;
315;315;Rosélia;Roselia;Poison;Plante
316;316;Gloupti;Gloupti;Poison;
317;317;Avaltout;Avaltout;Poison;
318;318;Carvanha;Carvanha;Eau;Ténèbres
319;319;Sharpedo;Sharpedo;Eau;Ténèbres
320;320;Wailmer;Wailmer;Eau;
321;321;Wailord;Wailord;Eau;
322;322;Chamallot;Chamallot;Sol;Feu
323;323;Camérupt;Camerupt;Sol;Feu
324;324;Chartor;Chartor;Feu;
325;325;Spoink;Spoink;Psy;
326;326;Groret;Groret;Psy;
327;327;Spinda;Spinda;Normal;
328;328;Kraknoix;Kraknoix;Sol;
329;329;Vibraninf;Vibraninf;Sol;Dragon
330;330;Libégon;Libegon;Sol;Dragon
331;331;Cacnea;Cacnea;Plante;
332;332;Cacturne;Cacturne;Plante;Ténèbres
333;333;Tylton;Tylton;Normal;Vol
334;334;Altaria;Altaria;Vol;Dragon
335;335;Mangriff;Mangriff;Normal;
336;336;Séviper;Seviper;Poison;
337;337;Séléroc;Seleroc;Roche;Psy
338;338;Solaroc;Solaroc;Roche;Psy
339;339;Barloche;Barloche;Sol;Eau
340;340;Barbicha;Barbicha;Sol;Eau
341;341;Écrapince;Ecrapince;Eau;
342;342;Colhomard;Colhomard;Eau;Ténèbres
343;343;Balbuto;Balbuto;Sol;Psy
344;344;Kaorine;Kaorine;Sol;Psy
345;345;Lilia;Lilia;Roche;Plante
346;346;Vacilys;Vacilys;Roche;Plante
347;347;Anorith;Anorith;Roche;Insecte
348;348;Armaldo;Armaldo;Roche;Insecte
349;349;Barpau;Barpau;Eau;
350;350;Milobellus;Milobellus;Eau;
351;351;Morphéo;Morpheo;Normal;
352;352;Kecleon;Kecleon;Normal;
353;353;Polichombr;Polichombr;Spectre;
354;354;Branette;Branette;Spectre;
355;355;Skelénox;Skelenox;Spectre;
356;356;Téraclope;Teraclope;Spectre;
357;357;Tropius;Tropius;Vol;Plante
358;358;Éoko;Eoko;Psy;
359;359;Absol;Absol;Ténèbres;
360;360;Okéoké;Okeoke;Psy;
361;361;Stalgamin;Stalgamin;Glace;
362;362;Oniglali;Oniglali;Glace;
363;363;Obalie;Obalie;Eau;Glace
364;364;Phogleur;Phogleur;Eau;Glace
365;365;Kaimorse;Kaimorse;Eau;Glace
366;366;Coquiperl;Coquiperl;Eau;
367;367;Serpang;Serpang;Eau;
368;368;Rosabyss;Rosabyss;Eau;
369;369;Relicanth;Relicanth;Roche;Eau
370;370;Lovdisc;Lovdisc;Eau;
371;371;Draby;Draby;Dragon;
372;372;Drakhaus;Drakhaus;Dragon;
373;373;Drattak;Drattak;Vol;Dragon
374;374;Terhal;Terhal;Acier;Psy
375;375;Métang;Metang;Acier;Psy
376;376;Métalosse;Metalosse;Acier;Psy
377;377;Regirock;Regirock;Roche;
378;378;Regice;Regice;Glace;
379;379;Registeel;Registeel;Acier;
380;380;Latias;Latias;Psy;Dragon
381;381;Latios;Latios;Psy;Dragon
382;382;Kyogre;Kyogre;Eau;
383;383;Groudon;Groudon;Sol;
384;384;Rayquaza;Rayquaza;Vol;Dragon
385;385;Jirachi;Jirachi;Acier;Psy
386;386;Deoxys;Deoxys;Psy;
387;387;Tortipouss;Tortipouss;Plante;
388;388;Boskara;Boskara;Plante;
389;389;Torterra;Torterra;Sol;Plante
390;390;Ouisticram;Ouisticram;Feu;
391;391;Chimpenfeu;Chimpenfeu;Combat;Feu
392;392;Simiabraz;Simiabraz;Combat;Feu
393;393;Tiplouf;Tiplouf;Eau;
394;394;Prinplouf;Prinplouf;Eau;
395;395;Pingoléon;Pingoleon;Acier;Eau
396;396;Étourmi;Etourmi;Normal;Vol
397;397;Étourvol;Etourvol;Normal;Vol
398;398;Étouraptor;Etouraptor;Normal;Vol
399;399;Keunotor;Keunotor;Normal;
400;400;Castorno;Castorno;Normal;Eau
401;401;Crikzik;Crikzik;Insecte;
402;402;Mélokrik;Melokrik;Insecte;
403;403;Lixy;Lixy;Électrik;
404;404;Luxio;Luxio;Électrik;
405;405;Luxray;Luxray;Électrik;
406;406;Rozbouton;Rozbouton;Poison;Plante
407;407;Roserade;Roserade;Poison;Plante
408;408;Kranidos;Kranidos;Roche;
409;409;Charkos;Charkos;Roche;
410;410;Dinoclier;Dinoclier;Roche;Acier
411;411;Bastiodon;Bastiodon;Roche;Acier
412;412;Cheniti;Cheniti;Insecte;
413;413;Cheniselle;Cheniselle;Insecte;Plante
414;414;Papilord;Papilord;Vol;Insecte
415;415;Apitrini;Apitrini;Vol;Insecte
416;416;Apireine;Apireine;Vol;Insecte
417;417;Pachirisu;Pachirisu;Électrik;
418;418;Mustébouée;Mustebouee;Eau;
419;419;Mustéflott;Musteflott;Eau;
420;420;Ceribou;Ceribou;Plante;
421;421;Ceriflor;Ceriflor;Plante;
422;422;Sancoki;Sancoki;Eau;
423;423;Tritosor;Tritosor;Sol;Eau
424;424;Capidextre;Capidextre;Normal;
425;425;Baudrive;Baudrive;Vol;Spectre
426;426;Grodrive;Grodrive;Vol;Spectre
427;427;Laporeille;Laporeille;Normal;
428;428;Lockpin;Lockpin;Normal;
429;429;Magirêve;Magireve;Spectre;
430;430;Corboss;Corboss;Vol;Ténèbres
431;431;Chaglam;Chaglam;Normal;
432;432;Chaffreux;Chaffreux;Normal;
433;433;Korillon;Korillon;Psy;
434;434;Moufouette;Moufouette;Poison;Ténèbres
435;435;Moufflair;Moufflair;Poison;Ténèbres
436;436;Archéomire;Archeomire;Acier;Psy
437;437;Archéodong;Archeodong;Acier;Psy
438;438;Manzaï;Manzai;Roche;
439;439;Mime Jr.;Mime-Jr;Psy;Fée
440;440;Ptiravi;Ptiravi;Normal;
441;441;Pijako;Pijako;Normal;Vol
442;442;Spiritomb;Spiritomb;Spectre;Ténèbres
443;443;Griknot;Griknot;Sol;Dragon
444;444;Carmache;Carmache;Sol;Dragon
445;445;Carchacrok;Carchacrok;Sol;Dragon
446;446;Goinfrex;Goinfrex;Normal;
447;447;Riolu;Riolu;Combat;
448;448;Lucario;Lucario;Combat;Acier
449;449;Hippopotas;Hippopotas;Sol;
450;450;Hippodocus;Hippodocus;Sol;
451;451;Rapion;Rapion;Poison;Insecte
452;452;Drascore;Drascore;Poison;Ténèbres
453;453;Cradopaud;Cradopaud;Combat;Poison
454;454;Coatox;Coatox;Combat;Poison
455;455;Vortente;Vortente;Plante;
456;456;Écayon;Ecayon;Eau;
457;457;Luminéon;Lumineon;Eau;
458;458;Babimanta;Babimanta;Vol;Eau
459;459;Blizzi;Blizzi;Plante;Glace
460;460;Blizzaroi;Blizzaroi;Plante;Glace
461;461;Dimoret;Dimoret;Glace;Ténèbres
462;462;Magnézone;Magnezone;Acier;Électrik
463;463;Coudlangue;Coudlangue;Normal;
464;464;Rhinastoc;Rhinastoc;Sol;Roche
465;465;Bouldeneu;Bouldeneu;Plante;
466;466;Élekable;Elekable;Électrik;
467;467;Maganon;Maganon;Feu;
468;468;Togekiss;Togekiss;Vol;Fée
469;469;Yanmega;Yanmega;Vol;Insecte
470;470;Phyllali;Phyllali;Plante;
471;471;Givrali;Givrali;Glace;
472;472;Scorvol;Scorvol;Vol;Sol
473;473;Mammochon;Mammochon;Sol;Glace
474;474;Porygon-Z;Porygon-Z;Normal;
475;475;Gallame;Gallame;Combat;Psy
476;476;Tarinorme;Tarinorme;Roche;Acier
477;477;Noctunoir;Noctunoir;Spectre;
478;478;Momartik;Momartik;Spectre;Glace
479;479;Motisma;Motisma;Spectre;Électrik
480;480;Créhelf;Crehelf;Psy;
481;481;Créfollet;Crefollet;Psy;
482;482;Créfadet;Crefadet;Psy;
483;483;Dialga;Dialga;Acier;Dragon
484;484;Palkia;Palkia;Eau;Dragon
485;485;Heatran;Heatran;Acier;Feu
486;486;Regigigas;Regigigas;Normal;
487;487;Giratina;Giratina;Spectre;Dragon
488;488;Cresselia;Cresselia;Psy;
489;489;Phione;Phione;Eau;
490;490;Manaphy;Manaphy;Eau;
491;491;Darkrai;Darkrai;Ténèbres;
492;492;Shaymin;Shaymin;Plante;
493;493;Arceus;Arceus;Normal;
494;494;Victini;Victini;Feu;Psy
495;495;Vipélierre;Vipelierre;Plante;
496;496;Lianaja;Lianaja;Plante;
497;497;Majaspic;Majaspic;Plante;
498;498;Gruikui;Gruikui;Feu;
499;499;Grotichon;Grotichon;Combat;Feu
500;500;Roitiflam;Roitiflam;Combat;Feu
501;501;Moustillon;Moustillon;Eau;
502;502;Mateloutre;Mateloutre;Eau;
503;503;Clamiral;Clamiral;Eau;
504;504;Ratentif;Ratentif;Normal;
505;505;Miradar;Miradar;Normal;
506;506;Ponchiot;Ponchiot;Normal;
507;507;Ponchien;Ponchien;Normal;
508;508;Mastouffe;Mastouffe;Normal;
509;509;Chacripan;Chacripan;Ténèbres;
510;510;Léopardus;Leopardus;Ténèbres;
511;511;Feuillajou;Feuillajou;Plante;
512;512;Feuiloutan;Feuiloutan;Plante;
513;513;Flamajou;Flamajou;Feu;
514;514;Flamoutan;Flamoutan;Feu;
515;515;Flotajou;Flotajou;Eau;
516;516;Flotoutan;Flotoutan;Eau;
517;517;Munna;Munna;Psy;
518;518;Mushana;Mushana;Psy;
519;519;Poichigeon;Poichigeon;Normal;Vol
520;520;Colombeau;Colombeau;Normal;Vol
521;521;Déflaisan;Deflaisan;Normal;Vol
522;522;Zébibron;Zebibron;Électrik;
523;523;Zéblitz;Zeblitz;Électrik;
524;524;Nodulithe;Nodulithe;Roche;
525;525;Géolithe;Geolithe;Roche;
526;526;Gigalithe;Gigalithe;Roche;
527;527;Chovsourir;Chovsourir;Vol;Psy
528;528;Rhinolove;Rhinolove;Vol;Psy
529;529;Rototaupe;Rototaupe;Sol;
530;530;Minotaupe;Minotaupe;Sol;Acier
531;531;Nanméouïe;Nanmeouie;Normal;
532;532;Charpenti;Charpenti;Combat;
533;533;Ouvrifier;Ouvrifier;Combat;
534;534;Bétochef;Betochef;Combat;
535;535;Tritonde;Tritonde;Eau;
536;536;Batracné;Batracne;Sol;Eau
537;537;Crapustule;Crapustule;Sol;Eau
538;538;Judokrak;Judokrak;Combat;
539;539;Karaclée;Karaclee;Combat;
540;540;Larveyette;Larveyette;Insecte;Plante
541;541;Couverdure;Couverdure;Insecte;Plante
542;542;Manternel;Manternel;Insecte;Plante
543;543;Venipatte;Venipatte;Poison;Insecte
544;544;Scobolide;Scobolide;Poison;Insecte
545;545;Brutapode;Brutapode;Poison;Insecte
546;546;Doudouvet;Doudouvet;Plante;Fée
547;547;Farfaduvet;Farfaduvet;Plante;Fée
548;548;Chlorobule;Chlorobule;Plante;
549;549;Fragilady;Fragilady;Plante;
550;550;Bargantua;Bargantua;Eau;
551;551;Mascaïman;Mascaiman;Sol;Ténèbres
552;552;Escroco;Escroco;Sol;Ténèbres
553;553;Crocorible;Crocorible;Sol;Ténèbres
554;554;Darumarond;Darumarond;Feu;
555;555;Darumacho;Darumacho;Feu;
556;556;Maracachi;Maracachi;Plante;
557;557;Crabicoque;Crabicoque;Roche;Insecte
558;558;Crabaraque;Crabaraque;Roche;Insecte
559;559;Baggiguane;Baggiguane;Combat;Ténèbres
560;560;Baggaïd;Baggaid;Combat;Ténèbres
561;561;Cryptéro;Cryptero;Vol;Psy
562;562;Tutafeh;Tutafeh;Spectre;
563;563;Tutankafer;Tutankafer;Spectre;
564;564;Carapagos;Carapagos;Roche;Eau
565;565;Mégapagos;Megapagos;Roche;Eau
566;566;Arkéapti;Arkeapti;Vol;Roche
567;567;Aéroptéryx;Aeropteryx;Vol;Roche
568;568;Miamiasme;Miamiasme;Poison;
569;569;Miasmax;Miasmax;Poison;
570;570;Zorua;Zorua;Ténèbres;
571;571;Zoroark;Zoroark;Ténèbres;
572;572;Chinchidou;Chinchidou;Normal;
573;573;Pashmilla;Pashmilla;Normal;
574;574;Scrutella;Scrutella;Psy;
575;575;Mesmérella;Mesmerella;Psy;
576;576;Sidérella;Siderella;Psy;
577;577;Nucléos;Nucleos;Psy;
578;578;Méios;Meios;Psy;
579;579;Symbios;Symbios;Psy;
580;580;Couaneton;Couaneton;Vol;Eau
581;581;Lakmécygne;Lakmecygne;Vol;Eau
582;582;Sorbébé;Sorbebe;Glace;
583;583;Sorboul;Sorboul;Glace;
584;584;Sorbouboul;Sorbouboul;Glace;
585;585;Vivaldaim;Vivaldaim;Normal;Plante
586;586;Haydaim;Haydaim;Normal;Plante
587;587;Emolga;Emolga;Vol;Électrik
588;588;Carabing;Carabing;Insecte;
589;589;Lançargot;Lancargot;Insecte;Acier
590;590;Trompignon;Trompignon;Poison;Plante
591;591;Gaulet;Gaulet;Poison;Plante
592;592;Viskuse;Viskuse;Spectre;Eau
593;593;Moyade;Moyade;Spectre;Eau
594;594;Mamanbo;Mamanbo;Eau;
595;595;Statitik;Statitik;Insecte;Électrik
596;596;Mygavolt;Mygavolt;Insecte;Électrik
597;597;Grindur;Grindur;Acier;Plante
598;598;Noacier;Noacier;Acier;Plante
599;599;Tic;Tic;Acier;
600;600;Clic;Clic;Acier;
601;601;Cliticlic;Cliticlic;Acier;
602;602;Anchwatt;Anchwatt;Électrik;
603;603;Lampéroie;Lamperoie;Électrik;
604;604;Ohmassacre;Ohmassacre;Électrik;
605;605;Lewsor;Lewsor;Psy;
606;606;Neitram;Neitram;Psy;
607;607;Funécire;Funecire;Spectre;Feu
608;608;Mélancolux;Melancolux;Spectre;Feu
609;609;Lugulabre;Lugulabre;Spectre;Feu
610;610;Coupenotte;Coupenotte;Dragon;
611;611;Incisache;Incisache;Dragon;
612;612;Tranchodon;Tranchodon;Dragon;
613;613;Polarhume;Polarhume;Glace;
614;614;Polagriffe;Polagriffe;Glace;
615;615;Hexagel;Hexagel;Glace;
616;616;Escargaume;Escargaume;Insecte;
617;617;Limaspeed;Limaspeed;Insecte;
618;618;Limonde;Limonde;Sol;Électrik
619;619;Kungfouine;Kungfouine;Combat;
620;620;Shaofouine;Shaofouine;Combat;
621;621;Drakkarmin;Drakkarmin;Dragon;
622;622;Gringolem;Gringolem;Sol;Spectre
623;623;Golemastoc;Golemastoc;Sol;Spectre
624;624;Scalpion;Scalpion;Acier;Ténèbres
625;625;Scalproie;Scalproie;Acier;Ténèbres
626;626;Frison;Frison;Normal;
627;627;Furaiglon;Furaiglon;Normal;Vol
628;628;Gueriaigle;Gueriaigle;Normal;Vol
629;629;Vostourno;Vostourno;Vol;Ténèbres
630;630;Vaututrice;Vaututrice;Vol;Ténèbres
631;631;Aflamanoir;Aflamanoir;Feu;
632;632;Fermite;Fermite;Insecte;Acier
633;633;Solochi;Solochi;Dragon;Ténèbres
634;634;Diamat;Diamat;Dragon;Ténèbres
635;635;Trioxhydre;Trioxhydre;Dragon;Ténèbres
636;636;Pyronille;Pyronille;Insecte;Feu
637;637;Pyrax;Pyrax;Insecte;Feu
638;638;Cobaltium;Cobaltium;Combat;Acier
639;639;Terrakium;Terrakium;Combat;Roche
640;640;Viridium;Viridium;Combat;Plante
641;641;Boréas;Boreas;Vol;
642;642;Fulguris;Fulguris;Vol;Électrik
643;643;Reshiram;Reshiram;Feu;Dragon
644;644;Zekrom;Zekrom;Électrik;Dragon
645;645;Démétéros;Demeteros;Vol;Sol
646;646;Kyurem;Kyurem;Glace;Dragon
647;647;Keldeo;Keldeo;Combat;Eau
648;648;Meloetta;Meloetta;Normal;Psy
649;649;Genesect;Genesect;Insecte;Acier
650;650;Marisson;Marisson;Plante;
651;651;Boguérisse;Boguerisse;Plante;
652;652;Blindépique;Blindepique;Combat;Plante
653;653;Feunnec;Feunnec;Feu;
654;654;Roussil;Roussil;Feu;
655;655;Goupelin;Goupelin;Feu;Psy
656;656;Grenousse;Grenousse;Eau;
657;657;Croâporal;Croaporal;Eau;
658;658;Amphinobi;Amphinobi;Eau;Ténèbres
659;659;Sapereau;Sapereau;Normal;
660;660;Excavarenne;Excavarenne;Normal;Sol
661;661;Passerouge;Passerouge;Normal;Vol
662;662;Braisillon;Braisillon;Vol;Feu
663;663;Flambusard;Flambusard;Vol;Feu
664;664;Lépidonille;Lepidonille;Insecte;
665;665;Pérégrain;Peregrain;Insecte;
666;666;Prismillon;Prismillon;Vol;Insecte
667;667;Hélionceau;Helionceau;Normal;Feu
668;668;Némélios;Nemelios;Normal;Feu
669;669;Flabébé;Flabebe;Fée;
670;670;Floette;Floette;Fée;
671;671;Florges;Florges;Fée;
672;672;Cabriolaine;Cabriolaine;Plante;
673;673;Chevroum;Chevroum;Plante;
674;674;Pandespiègle;Pandespiegle;Combat;
675;675;Pandarbare;Pandarbare;Combat;Ténèbres
676;676;Couafarel;Couafarel;Normal;
677;677;Psystigri;Psystigri;Psy;
678;678;Mistigrix;Mistigrix;Psy;
679;679;Monorpale;Monorpale;Spectre;Acier
680;680;Dimoclès;Dimocles;Spectre;Acier
681;681;Exagide;Exagide;Spectre;Acier
682;682;Fluvetin;Fluvetin;Fée;
683;683;Cocotine;Cocotine;Fée;
684;684;Sucroquin;Sucroquin;Fée;
685;685;Cupcanaille;Cupcanaille;Fée;
686;686;Sepiatop;Sepiatop;Psy;Ténèbres
687;687;Sepiatroce;Sepiatroce;Psy;Ténèbres
688;688;Opermine;Opermine;Roche;Eau
689;689;Golgopathe;Golgopathe;Roche;Eau
690;690;Venalgue;Venalgue;Poison;Eau
691;691;Kravarech;Kravarech;Poison;Dragon
692;692;Flingouste;Flingouste;Eau;
693;693;Gamblast;Gamblast;Eau;
694;694;Galvaran;Galvaran;Normal;Électrik
695;695;Iguolta;Iguolta;Normal;Électrik
696;696;Ptyranidur;Ptyranidur;Roche;Dragon
697;697;Rexillius;Rexillius;Roche;Dragon
698;698;Amagara;Amagara;Roche;Glace
699;699;Dragmara;Dragmara;Roche;Glace
700;700;Nymphali;Nymphali;Fée;
701;701;Brutalibré;Brutalibre;Combat;Vol
702;702;Dedenne;Dedenne;Électrik;Fée
703;703;Strassie;Strassie;Roche;Fée
704;704;Mucuscule;Mucuscule;Dragon;
705;705;Colimucus;Colimucus;Dragon;
706;706;Muplodocus;Muplodocus;Dragon;
707;707;Trousselin;Trousselin;Acier;Fée
708;708;Brocélôme;Brocelome;Spectre;Plante
709;709;Desséliande;Desseliande;Spectre;Plante
710;710;Pitrouille;Pitrouille;Spectre;Plante
711;711;Banshitrouye;Banshitrouye;Spectre;Plante
712;712;Grelaçon;Grelacon;Glace;
713;713;Séracrawl;Seracrawl;Glace;
714;714;Sonistrelle;Sonistrelle;Vol;Dragon
715;715;Bruyverne;Bruyverne;Vol;Dragon
716;716;Xerneas;Xerneas;Fée;
717;717;Yveltal;Yveltal;Vol;Ténèbres
718;718;Zygarde;Zygarde;Sol;Dragon
719;719;Diancie;Diancie;Roche;Fée
720;720;Hoopa;Hoopa;Spectre;Psy
721;721;Volcanion;Volcanion;Feu;Eau
722;722;Brindibou;Brindibou;Vol;Plante
723;723;Efflèche;Effleche;Vol;Plante
724;724;Archéduc;Archeduc;Spectre;Plante
725;725;Flamiaou;Flamiaou;Feu;
726;726;Matoufeu;Matoufeu;Feu;
727;727;Félinferno;Felinferno;Feu;Ténèbres
728;728;Otaquin;Otaquin;Eau;
729;729;Otarlette;Otarlette;Eau;
730;730;Oratoria;Oratoria;Eau;Fée
731;731;Picassaut;Picassaut;Normal;Vol
732;732;Piclairon;Piclairon;Normal;Vol
733;733;Bazoucan;Bazoucan;Normal;Vol
734;734;Manglouton;Manglouton;Normal;
735;735;Argouste;Argouste;Normal;
736;736;Larvibule;Larvibule;Insecte;
737;737;Chrysapile;Chrysapile;Insecte;Électrik
738;738;Lucanon;Lucanon;Insecte;Électrik
739;739;Crabagarre;Crabagarre;Combat;
740;740;Crabominable;Crabominable;Combat;Glace
741;741;Plumeline;Plumeline;Vol;Feu
742;742;Bombydou;Bombydou;Insecte;Fée
743;743;Rubombelle;Rubombelle;Insecte;Fée
744;744;Rocabot;Rocabot;Roche;
745;745;Lougaroc;Lougaroc;Roche;
746;746;Froussardine;Froussardine;Eau;
747;747;Vorastérie;Vorasterie;Poison;Eau
748;748;Prédastérie;Predasterie;Poison;Eau
749;749;Tiboudet;Tiboudet;Sol;
750;750;Bourrinos;Bourrinos;Sol;
751;751;Araqua;Araqua;Insecte;Eau
752;752;Tarenbulle;Tarenbulle;Insecte;Eau
753;753;Mimantis;Mimantis;Plante;
754;754;Floramantis;Floramantis;Plante;
755;755;Spododo;Spododo;Plante;Fée
756;756;Lampignon;Lampignon;Plante;Fée
757;757;Tritox;Tritox;Poison;Feu
758;758;Malamandre;Malamandre;Poison;Feu
759;759;Nounourson;Nounourson;Normal;Combat
760;760;Chelours;Chelours;Normal;Combat
761;761;Croquine;Croquine;Plante;
762;762;Candine;Candine;Plante;
763;763;Sucreine;Sucreine;Plante;
764;764;Guérilande;Guerilande;Fée;
765;765;Gouroutan;Gouroutan;Normal;Psy
766;766;Quartermac;Quartermac;Combat;
767;767;Sovkipou;Sovkipou;Insecte;Eau
768;768;Sarmuraï;Sarmurai;Insecte;Eau
769;769;Bacabouh;Bacabouh;Sol;Spectre
770;770;Trépassable;Trepassable;Sol;Spectre
771;771;Concombaffe;Concombaffe;Eau;
772;772;Type:0;Type-0;Normal;
773;773;Silvallié;Silvallie;Normal;
774;774;Météno;Meteno;Vol;Roche
775;775;Dodoala;Dodoala;Normal;
776;776;Boumata;Boumata;Feu;Dragon
777;777;Togedemaru;Togedemaru;Acier;Électrik
778;778;Mimiqui;Mimiqui;Spectre;Fée
779;779;Denticrisse;Denticrisse;Eau;Psy
780;780;Draïeul;Draieul;Normal;Dragon
781;781;Sinistrail;Sinistrail;Spectre;Plante
782;782;Bébécaille;Bebecaille;Dragon;
783;783;Écaïd;Ecaid;Combat;Dragon
784;784;Ékaïser;Ekaiser;Combat;Dragon
785;785;Tokorico;Tokorico;Électrik;Fée
786;786;Tokopiyon;Tokopiyon;Psy;Fée
787;787;Tokotoro;Tokotoro;Plante;Fée
788;788;Tokopisco;Tokopisco;Eau;Fée
789;789;Cosmog;Cosmog;Psy;
790;790;Cosmovum;Cosmovum;Psy;
791;791;Solgaleo;Solgaleo;Acier;Psy
792;792;Lunala;Lunala;Spectre;Psy
793;793;Zéroïd;Zeroid;Poison;Roche
794;794;Mouscoto;Mouscoto;Combat;Insecte
795;795;Cancrelove;Cancrelove;Combat;Insecte
796;796;Câblifère;Cablifere;Électrik;
797;797;Bamboiselle;Bamboiselle;Vol;Acier
798;798;Katagami;Katagami;Acier;Plante
799;799;Engloutyran;Engloutyran;Dragon;Ténèbres
800;800;Necrozma;Necrozma;Psy;
801;801;Magearna;Magearna;Acier;Fée
802;802;Marshadow;Marshadow;Combat;Spectre
803;803;Vémini;Vemini;Poison;
804;804;Mandrillon;Mandrillon;Poison;Dragon
805;805;Ama-Ama;Ama-Ama;Roche;Acier
806;806;Pierroteknik;Pierroteknik;Spectre;Feu
807;807;Zeraora;Zeraora;Électrik;
808;808;Meltan;Meltan;Acier;
809;809;Melmetal;Melmetal;Acier;
810;810;Ouistempo;Ouistempo;Plante;
811;811;Badabouin;Badabouin;Plante;
812;812;Gorythmic;Gorythmic;Plante;
813;813;Flambino;Flambino;Feu;
814;814;Lapyro;Lapyro;Feu;
815;815;Pyrobut;Pyrobut;Feu;
816;816;Larméléon;Larmeleon;Eau;
817;817;Arrozard;Arrozard;Eau;
818;818;Lézargus;Lezargus;Eau;
819;819;Rongourmand;Rongourmand;Normal;
820;820;Rongrigou;Rongrigou;Normal;
821;821;Minisange;Minisange;Vol;
822;822;Bleuseille;Bleuseille;Vol;
823;823;Corvaillus;Corvaillus;Vol;Acier
824;824;Larvadar;Larvadar;Insecte;
825;825;Coléodôme;Coleodome;Insecte;Psy
826;826;Astronelle;Astronelle;Insecte;Psy
827;827;Goupilou;Goupilou;Ténèbres;
828;828;Roublenard;Roublenard;Ténèbres;
829;829;Tournicoton;Tournicoton;Plante;
830;830;Blancoton;Blancoton;Plante;
831;831;Moumouton;Moumouton;Normal;
832;832;Moumouflon;Moumouflon;Normal;
833;833;Khélocrok;Khelocrok;Eau;
834;834;Torgamord;Torgamord;Roche;Eau
835;835;Voltoutou;Voltoutou;Électrik;
836;836;Fulgudog;Fulgudog;Électrik;
837;837;Charbi;Charbi;Roche;
838;838;Wagomine;Wagomine;Roche;Feu
839;839;Monthracite;Monthracite;Roche;Feu
840;840;Verpom;Verpom;Plante;Dragon
841;841;Pomdrapi;Pomdrapi;Plante;Dragon
842;842;Dratatin;Dratatin;Plante;Dragon
843;843;Dunaja;Dunaja;Sol;
844;844;Dunaconda;Dunaconda;Sol;
845;845;Nigosier;Nigosier;Vol;Eau
846;846;Embrochet;Embrochet;Eau;
847;847;Hastacuda;Hastacuda;Eau;
848;848;Toxizap;Toxizap;Poison;Électrik
849;849;Salarsen;Salarsen;Poison;Électrik
850;850;Grillepattes;Grillepattes;Insecte;Feu
851;851;Scolocendre;Scolocendre;Insecte;Feu
852;852;Poulpaf;Poulpaf;Combat;
853;853;Krakos;Krakos;Combat;
854;854;Théffroi;Theffroi;Spectre;
855;855;Polthégeist;Polthegeist;Spectre;
856;856;Bibichut;Bibichut;Psy;
857;857;Chapotus;Chapotus;Psy;
858;858;Sorcilence;Sorcilence;Psy;Fée
859;859;Grimalin;Grimalin;Ténèbres;Fée
860;860;Fourbelin;Fourbelin;Ténèbres;Fée
861;861;Angoliath;Angoliath;Ténèbres;Fée
862;862;Ixon;Ixon;Normal;Ténèbres
863;863;Berserkatt;Berserkatt;Acier;
864;864;Corayôme;Corayome;Spectre;
865;865;Palarticho;Palarticho;Combat;
866;866;M. Glaquette;M-Glaquette;Psy;Glace
867;867;Tutétékri;Tutetekri;Sol;Spectre
868;868;Crèmy;Cremy;Fée;
869;869;Charmilly;Charmilly;Fée;
870;870;Hexadron;Hexadron;Combat;
871;871;Wattapik;Wattapik;Électrik;
872;872;Frissonille;Frissonille;Insecte;Glace
873;873;Beldeneige;Beldeneige;Insecte;Glace
874;874;Dolman;Dolman;Roche;
875;875;Bekaglaçon;Bekaglacon;Glace;
876;876;Wimessir;Wimessir;Normal;Psy
877;877;Morpeko;Morpeko;Électrik;Ténèbres
878;878;Charibari;Charibari;Acier;
879;879;Pachyradjah;Pachyradjah;Acier;
880;880;Galvagon;Galvagon;Électrik;Dragon
881;881;Galvagla;Galvagla;Électrik;Glace
882;882;Hydragon;Hydragon;Eau;Dragon
883;883;Hydragla;Hydragla;Eau;Glace
884;884;Duralugon;Duralugon;Acier;Dragon
885;885;Fantyrm;Fantyrm;Spectre;Dragon
886;886;Dispareptil;Dispareptil;Spectre;Dragon
887;887;Lanssorien;Lanssorien;Spectre;Dragon
888;888;Zacian;Zacian;Fée;
889;889;Zamazent;Zamazent;Combat;
890;890;Éthernatos;Ethernatos;Poison;Dragon
891;891;Wushours;Wushours;Combat;
892;892;Shifours;Shifours;Combat;Ténèbres
893;893;Zarude;Zarude;Plante;Ténèbres
894;894;Regieleki;Regieleki;Électrik;
895;895;Regidrago;Regidrago;Dragon;
896;896;Blizzeval;Blizzeval;Glace;
897;897;Spectreval;Spectreval;Spectre;
898;898;Sylveroy;Sylveroy;Plante;Psy
